"Source:","C:\Darrel\ITLA\2024\2024-C3\Electiva mecatrónica\Tareas\Práctica KiCAD\Práctica KiCAD.kicad_sch"
"Date:","11/4/2024 8:09:48 PM"
"Tool:","Eeschema 7.0.10"
"Generator:","C:\Program Files\KiCad\7.0\bin\scripting\plugins/bom_csv_grouped_by_value.py"
"Component Count:","21"

"Collated Components:"

"Item","Qty","Reference(s)","Value","LibPart","Footprint","Datasheet","DNP"
"1","1","AE1","Antenna","Device:Antenna","RF_Antenna:Texas_SWRA117D_2.4GHz_Right","~",""
"2","2","C1, C2","22nF","Device:C_Small","Capacitor_SMD:C_0402_1005Metric","~",""
"3","1","C3","2.2nF","Device:C_Small","Capacitor_SMD:C_0402_1005Metric","~",""
"4","1","C4","4.7pF","Device:C_Small","Capacitor_SMD:C_0402_1005Metric","~",""
"5","1","C5","1.5pF","Device:C_Small","Capacitor_SMD:C_0402_1005Metric","~",""
"6","1","C6","1pF","Device:C_Small","Capacitor_SMD:C_0402_1005Metric","~",""
"7","1","C7","33nF","Device:C_Small","Capacitor_SMD:C_0402_1005Metric","~",""
"8","1","C8","1nF","Device:C_Small","Capacitor_SMD:C_0402_1005Metric","~",""
"9","1","C9","10nF","Device:C_Small","Capacitor_SMD:C_0402_1005Metric","~",""
"10","2","C10, C11","Cx","Device:C_Small","Capacitor_SMD:C_0402_1005Metric","~",""
"11","1","J1","Conn_01x08_Pin","Connector:Conn_01x08_Pin","Connector_Hirose:Hirose_DF13-08P-1.25DSA_1x08_P1.25mm_Vertical","~",""
"12","1","L1","8.2nH","Device:L_Small","Inductor_SMD:L_0402_1005Metric","~",""
"13","1","L2","2.7nH","Device:L_Small","Inductor_SMD:L_0402_1005Metric","~",""
"14","1","L3","3.9nH","Device:L_Small","Inductor_SMD:L_0402_1005Metric","~",""
"15","1","L4","Lx","Device:L_Small","Inductor_SMD:L_0402_1005Metric","~",""
"16","1","R1","1M","Device:R_Small","Resistor_SMD:R_0402_1005Metric","~",""
"17","1","R2","22K","Device:R_Small","Resistor_SMD:R_0402_1005Metric","~",""
"18","1","U1","NRF24L01","RF:NRF24L01","Package_DFN_QFN:QFN-20-1EP_4x4mm_P0.5mm_EP2.5x2.5mm","http://www.nordicsemi.com/eng/content/download/2730/34105/file/nRF24L01_Product_Specification_v2_0.pdf",""
"19","1","X1","16MHz","Device:Crystal_Small","Crystal:Crystal_SMD_3215-2Pin_3.2x1.5mm","~",""
