<?xml version="1.0" encoding="UTF-8"?>
<export version="E">
  <design>
    <source>C:\Darrel\ITLA\2024\2024-C3\Electiva mecatrónica\Tareas\Práctica KiCAD\Práctica KiCAD.kicad_sch</source>
    <date>11/4/2024 8:09:48 PM</date>
    <tool>Eeschema 7.0.10</tool>
    <sheet number="1" name="/" tstamps="/">
      <title_block>
        <title/>
        <company/>
        <rev/>
        <date/>
        <source>Práctica KiCAD.kicad_sch</source>
        <comment number="1" value=""/>
        <comment number="2" value=""/>
        <comment number="3" value=""/>
        <comment number="4" value=""/>
        <comment number="5" value=""/>
        <comment number="6" value=""/>
        <comment number="7" value=""/>
        <comment number="8" value=""/>
        <comment number="9" value=""/>
      </title_block>
    </sheet>
  </design>
  <components>
    <comp ref="AE1">
      <value>Antenna</value>
      <footprint>RF_Antenna:Texas_SWRA117D_2.4GHz_Right</footprint>
      <libsource lib="Device" part="Antenna" description="Antenna"/>
      <property name="Sheetname" value=""/>
      <property name="Sheetfile" value="Práctica KiCAD.kicad_sch"/>
      <property name="ki_description" value="Antenna"/>
      <property name="ki_keywords" value="antenna"/>
      <sheetpath names="/" tstamps="/"/>
      <tstamps>2522c263-4cbe-4a9b-8a3f-f9830545ba10</tstamps>
    </comp>
    <comp ref="C1">
      <value>22nF</value>
      <footprint>Capacitor_SMD:C_0402_1005Metric</footprint>
      <libsource lib="Device" part="C_Small" description="Unpolarized capacitor, small symbol"/>
      <property name="Sheetname" value=""/>
      <property name="Sheetfile" value="Práctica KiCAD.kicad_sch"/>
      <property name="ki_description" value="Unpolarized capacitor, small symbol"/>
      <property name="ki_keywords" value="capacitor cap"/>
      <sheetpath names="/" tstamps="/"/>
      <tstamps>a2c091f7-d183-47b4-998b-55248b448690</tstamps>
    </comp>
    <comp ref="C2">
      <value>22nF</value>
      <footprint>Capacitor_SMD:C_0402_1005Metric</footprint>
      <libsource lib="Device" part="C_Small" description="Unpolarized capacitor, small symbol"/>
      <property name="Sheetname" value=""/>
      <property name="Sheetfile" value="Práctica KiCAD.kicad_sch"/>
      <property name="ki_description" value="Unpolarized capacitor, small symbol"/>
      <property name="ki_keywords" value="capacitor cap"/>
      <sheetpath names="/" tstamps="/"/>
      <tstamps>f3c968f7-a788-4638-ba05-8e3034cb3d1a</tstamps>
    </comp>
    <comp ref="C3">
      <value>2.2nF</value>
      <footprint>Capacitor_SMD:C_0402_1005Metric</footprint>
      <libsource lib="Device" part="C_Small" description="Unpolarized capacitor, small symbol"/>
      <property name="Sheetname" value=""/>
      <property name="Sheetfile" value="Práctica KiCAD.kicad_sch"/>
      <property name="ki_description" value="Unpolarized capacitor, small symbol"/>
      <property name="ki_keywords" value="capacitor cap"/>
      <sheetpath names="/" tstamps="/"/>
      <tstamps>3c8059db-a25f-4da4-9553-2a5d535f7c95</tstamps>
    </comp>
    <comp ref="C4">
      <value>4.7pF</value>
      <footprint>Capacitor_SMD:C_0402_1005Metric</footprint>
      <libsource lib="Device" part="C_Small" description="Unpolarized capacitor, small symbol"/>
      <property name="Sheetname" value=""/>
      <property name="Sheetfile" value="Práctica KiCAD.kicad_sch"/>
      <property name="ki_description" value="Unpolarized capacitor, small symbol"/>
      <property name="ki_keywords" value="capacitor cap"/>
      <sheetpath names="/" tstamps="/"/>
      <tstamps>2a1f3a9f-e210-469b-a3a0-28e3c38ccb10</tstamps>
    </comp>
    <comp ref="C5">
      <value>1.5pF</value>
      <footprint>Capacitor_SMD:C_0402_1005Metric</footprint>
      <libsource lib="Device" part="C_Small" description="Unpolarized capacitor, small symbol"/>
      <property name="Sheetname" value=""/>
      <property name="Sheetfile" value="Práctica KiCAD.kicad_sch"/>
      <property name="ki_description" value="Unpolarized capacitor, small symbol"/>
      <property name="ki_keywords" value="capacitor cap"/>
      <sheetpath names="/" tstamps="/"/>
      <tstamps>d2e66037-fb37-4250-936e-1ee00ec65342</tstamps>
    </comp>
    <comp ref="C6">
      <value>1pF</value>
      <footprint>Capacitor_SMD:C_0402_1005Metric</footprint>
      <libsource lib="Device" part="C_Small" description="Unpolarized capacitor, small symbol"/>
      <property name="Sheetname" value=""/>
      <property name="Sheetfile" value="Práctica KiCAD.kicad_sch"/>
      <property name="ki_description" value="Unpolarized capacitor, small symbol"/>
      <property name="ki_keywords" value="capacitor cap"/>
      <sheetpath names="/" tstamps="/"/>
      <tstamps>6a8d06fc-5805-49e8-bd8a-1352b64c8d8d</tstamps>
    </comp>
    <comp ref="C7">
      <value>33nF</value>
      <footprint>Capacitor_SMD:C_0402_1005Metric</footprint>
      <libsource lib="Device" part="C_Small" description="Unpolarized capacitor, small symbol"/>
      <property name="Sheetname" value=""/>
      <property name="Sheetfile" value="Práctica KiCAD.kicad_sch"/>
      <property name="ki_description" value="Unpolarized capacitor, small symbol"/>
      <property name="ki_keywords" value="capacitor cap"/>
      <sheetpath names="/" tstamps="/"/>
      <tstamps>21116549-eb9a-4ad0-a975-dd5c01170a4b</tstamps>
    </comp>
    <comp ref="C8">
      <value>1nF</value>
      <footprint>Capacitor_SMD:C_0402_1005Metric</footprint>
      <libsource lib="Device" part="C_Small" description="Unpolarized capacitor, small symbol"/>
      <property name="Sheetname" value=""/>
      <property name="Sheetfile" value="Práctica KiCAD.kicad_sch"/>
      <property name="ki_description" value="Unpolarized capacitor, small symbol"/>
      <property name="ki_keywords" value="capacitor cap"/>
      <sheetpath names="/" tstamps="/"/>
      <tstamps>efacc0bb-9a07-49e9-b6a1-53794d536f98</tstamps>
    </comp>
    <comp ref="C9">
      <value>10nF</value>
      <footprint>Capacitor_SMD:C_0402_1005Metric</footprint>
      <libsource lib="Device" part="C_Small" description="Unpolarized capacitor, small symbol"/>
      <property name="Sheetname" value=""/>
      <property name="Sheetfile" value="Práctica KiCAD.kicad_sch"/>
      <property name="ki_description" value="Unpolarized capacitor, small symbol"/>
      <property name="ki_keywords" value="capacitor cap"/>
      <sheetpath names="/" tstamps="/"/>
      <tstamps>ebf8e236-96fa-4e68-b314-403324c28c1e</tstamps>
    </comp>
    <comp ref="C10">
      <value>Cx</value>
      <footprint>Capacitor_SMD:C_0402_1005Metric</footprint>
      <libsource lib="Device" part="C_Small" description="Unpolarized capacitor, small symbol"/>
      <property name="Sheetname" value=""/>
      <property name="Sheetfile" value="Práctica KiCAD.kicad_sch"/>
      <property name="ki_description" value="Unpolarized capacitor, small symbol"/>
      <property name="ki_keywords" value="capacitor cap"/>
      <sheetpath names="/" tstamps="/"/>
      <tstamps>0940e6ea-4511-42a0-9509-33060a79443a</tstamps>
    </comp>
    <comp ref="C11">
      <value>Cx</value>
      <footprint>Capacitor_SMD:C_0402_1005Metric</footprint>
      <libsource lib="Device" part="C_Small" description="Unpolarized capacitor, small symbol"/>
      <property name="Sheetname" value=""/>
      <property name="Sheetfile" value="Práctica KiCAD.kicad_sch"/>
      <property name="ki_description" value="Unpolarized capacitor, small symbol"/>
      <property name="ki_keywords" value="capacitor cap"/>
      <sheetpath names="/" tstamps="/"/>
      <tstamps>480d09b7-cc4b-4eef-88b4-8e689fba77bc</tstamps>
    </comp>
    <comp ref="J1">
      <value>Conn_01x08_Pin</value>
      <footprint>Connector_Hirose:Hirose_DF13-08P-1.25DSA_1x08_P1.25mm_Vertical</footprint>
      <libsource lib="Connector" part="Conn_01x08_Pin" description="Generic connector, single row, 01x08, script generated"/>
      <property name="Sheetname" value=""/>
      <property name="Sheetfile" value="Práctica KiCAD.kicad_sch"/>
      <property name="ki_description" value="Generic connector, single row, 01x08, script generated"/>
      <property name="ki_keywords" value="connector"/>
      <sheetpath names="/" tstamps="/"/>
      <tstamps>aa373fd3-d500-4081-9dd6-fd50d77c31dc</tstamps>
    </comp>
    <comp ref="L1">
      <value>8.2nH</value>
      <footprint>Inductor_SMD:L_0402_1005Metric</footprint>
      <libsource lib="Device" part="L_Small" description="Inductor, small symbol"/>
      <property name="Sheetname" value=""/>
      <property name="Sheetfile" value="Práctica KiCAD.kicad_sch"/>
      <property name="ki_description" value="Inductor, small symbol"/>
      <property name="ki_keywords" value="inductor choke coil reactor magnetic"/>
      <sheetpath names="/" tstamps="/"/>
      <tstamps>a3fe4ced-81e2-4c0f-8f86-a1aa59c8e49c</tstamps>
    </comp>
    <comp ref="L2">
      <value>2.7nH</value>
      <footprint>Inductor_SMD:L_0402_1005Metric</footprint>
      <libsource lib="Device" part="L_Small" description="Inductor, small symbol"/>
      <property name="Sheetname" value=""/>
      <property name="Sheetfile" value="Práctica KiCAD.kicad_sch"/>
      <property name="ki_description" value="Inductor, small symbol"/>
      <property name="ki_keywords" value="inductor choke coil reactor magnetic"/>
      <sheetpath names="/" tstamps="/"/>
      <tstamps>98ebe8a0-d587-42b5-b50a-40839251596f</tstamps>
    </comp>
    <comp ref="L3">
      <value>3.9nH</value>
      <footprint>Inductor_SMD:L_0402_1005Metric</footprint>
      <libsource lib="Device" part="L_Small" description="Inductor, small symbol"/>
      <property name="Sheetname" value=""/>
      <property name="Sheetfile" value="Práctica KiCAD.kicad_sch"/>
      <property name="ki_description" value="Inductor, small symbol"/>
      <property name="ki_keywords" value="inductor choke coil reactor magnetic"/>
      <sheetpath names="/" tstamps="/"/>
      <tstamps>6a83d8ee-7dc4-46e7-b82b-533f9f358415</tstamps>
    </comp>
    <comp ref="L4">
      <value>Lx</value>
      <footprint>Inductor_SMD:L_0402_1005Metric</footprint>
      <libsource lib="Device" part="L_Small" description="Inductor, small symbol"/>
      <property name="Sheetname" value=""/>
      <property name="Sheetfile" value="Práctica KiCAD.kicad_sch"/>
      <property name="ki_description" value="Inductor, small symbol"/>
      <property name="ki_keywords" value="inductor choke coil reactor magnetic"/>
      <sheetpath names="/" tstamps="/"/>
      <tstamps>3b9d6e02-6bac-4f72-8926-a170928e633e</tstamps>
    </comp>
    <comp ref="R1">
      <value>1M</value>
      <footprint>Resistor_SMD:R_0402_1005Metric</footprint>
      <libsource lib="Device" part="R_Small" description="Resistor, small symbol"/>
      <property name="Sheetname" value=""/>
      <property name="Sheetfile" value="Práctica KiCAD.kicad_sch"/>
      <property name="ki_description" value="Resistor, small symbol"/>
      <property name="ki_keywords" value="R resistor"/>
      <sheetpath names="/" tstamps="/"/>
      <tstamps>a2aa93f3-6cce-4984-b7b0-3f36f07b250e</tstamps>
    </comp>
    <comp ref="R2">
      <value>22K</value>
      <footprint>Resistor_SMD:R_0402_1005Metric</footprint>
      <libsource lib="Device" part="R_Small" description="Resistor, small symbol"/>
      <property name="Sheetname" value=""/>
      <property name="Sheetfile" value="Práctica KiCAD.kicad_sch"/>
      <property name="ki_description" value="Resistor, small symbol"/>
      <property name="ki_keywords" value="R resistor"/>
      <sheetpath names="/" tstamps="/"/>
      <tstamps>254d54ad-d5cc-4d73-96a1-43e3b9bb9662</tstamps>
    </comp>
    <comp ref="U1">
      <value>NRF24L01</value>
      <footprint>Package_DFN_QFN:QFN-20-1EP_4x4mm_P0.5mm_EP2.5x2.5mm</footprint>
      <datasheet>http://www.nordicsemi.com/eng/content/download/2730/34105/file/nRF24L01_Product_Specification_v2_0.pdf</datasheet>
      <libsource lib="RF" part="NRF24L01" description="Ultra low power 2.4GHz RF Transceiver, QFN-20"/>
      <property name="Sheetname" value=""/>
      <property name="Sheetfile" value="Práctica KiCAD.kicad_sch"/>
      <property name="ki_description" value="Ultra low power 2.4GHz RF Transceiver, QFN-20"/>
      <property name="ki_keywords" value="Low Power RF Transceiver"/>
      <sheetpath names="/" tstamps="/"/>
      <tstamps>a0ddbdc6-304a-4e0e-a470-35be1cfe80f7</tstamps>
    </comp>
    <comp ref="X1">
      <value>16MHz</value>
      <footprint>Crystal:Crystal_SMD_3215-2Pin_3.2x1.5mm</footprint>
      <libsource lib="Device" part="Crystal_Small" description="Two pin crystal, small symbol"/>
      <property name="Sheetname" value=""/>
      <property name="Sheetfile" value="Práctica KiCAD.kicad_sch"/>
      <property name="ki_description" value="Two pin crystal, small symbol"/>
      <property name="ki_keywords" value="quartz ceramic resonator oscillator"/>
      <sheetpath names="/" tstamps="/"/>
      <tstamps>852b0d73-3f8a-4ade-90f5-0ad39b5585f8</tstamps>
    </comp>
  </components>
  <libparts>
    <libpart lib="Connector" part="Conn_01x08_Pin">
      <description>Generic connector, single row, 01x08, script generated</description>
      <docs>~</docs>
      <footprints>
        <fp>Connector*:*_1x??_*</fp>
      </footprints>
      <fields>
        <field name="Reference">J</field>
        <field name="Value">Conn_01x08_Pin</field>
        <field name="Datasheet">~</field>
      </fields>
      <pins>
        <pin num="1" name="Pin_1" type="passive"/>
        <pin num="2" name="Pin_2" type="passive"/>
        <pin num="3" name="Pin_3" type="passive"/>
        <pin num="4" name="Pin_4" type="passive"/>
        <pin num="5" name="Pin_5" type="passive"/>
        <pin num="6" name="Pin_6" type="passive"/>
        <pin num="7" name="Pin_7" type="passive"/>
        <pin num="8" name="Pin_8" type="passive"/>
      </pins>
    </libpart>
    <libpart lib="Device" part="Antenna">
      <description>Antenna</description>
      <docs>~</docs>
      <fields>
        <field name="Reference">AE</field>
        <field name="Value">Antenna</field>
        <field name="Datasheet">~</field>
      </fields>
      <pins>
        <pin num="1" name="A" type="input"/>
      </pins>
    </libpart>
    <libpart lib="Device" part="C_Small">
      <description>Unpolarized capacitor, small symbol</description>
      <docs>~</docs>
      <footprints>
        <fp>C_*</fp>
      </footprints>
      <fields>
        <field name="Reference">C</field>
        <field name="Value">C_Small</field>
        <field name="Datasheet">~</field>
      </fields>
      <pins>
        <pin num="1" name="" type="passive"/>
        <pin num="2" name="" type="passive"/>
      </pins>
    </libpart>
    <libpart lib="Device" part="Crystal_Small">
      <description>Two pin crystal, small symbol</description>
      <docs>~</docs>
      <footprints>
        <fp>Crystal*</fp>
      </footprints>
      <fields>
        <field name="Reference">Y</field>
        <field name="Value">Crystal_Small</field>
        <field name="Datasheet">~</field>
      </fields>
      <pins>
        <pin num="1" name="1" type="passive"/>
        <pin num="2" name="2" type="passive"/>
      </pins>
    </libpart>
    <libpart lib="Device" part="L_Small">
      <description>Inductor, small symbol</description>
      <docs>~</docs>
      <footprints>
        <fp>Choke_*</fp>
        <fp>*Coil*</fp>
        <fp>Inductor_*</fp>
        <fp>L_*</fp>
      </footprints>
      <fields>
        <field name="Reference">L</field>
        <field name="Value">L_Small</field>
        <field name="Datasheet">~</field>
      </fields>
      <pins>
        <pin num="1" name="" type="passive"/>
        <pin num="2" name="" type="passive"/>
      </pins>
    </libpart>
    <libpart lib="Device" part="R_Small">
      <description>Resistor, small symbol</description>
      <docs>~</docs>
      <footprints>
        <fp>R_*</fp>
      </footprints>
      <fields>
        <field name="Reference">R</field>
        <field name="Value">R_Small</field>
        <field name="Datasheet">~</field>
      </fields>
      <pins>
        <pin num="1" name="" type="passive"/>
        <pin num="2" name="" type="passive"/>
      </pins>
    </libpart>
    <libpart lib="RF" part="NRF24L01">
      <description>Ultra low power 2.4GHz RF Transceiver, QFN-20</description>
      <docs>http://www.nordicsemi.com/eng/content/download/2730/34105/file/nRF24L01_Product_Specification_v2_0.pdf</docs>
      <footprints>
        <fp>QFN*4x4*0.5mm*</fp>
      </footprints>
      <fields>
        <field name="Reference">U</field>
        <field name="Value">NRF24L01</field>
        <field name="Footprint">Package_DFN_QFN:QFN-20-1EP_4x4mm_P0.5mm_EP2.5x2.5mm</field>
        <field name="Datasheet">http://www.nordicsemi.com/eng/content/download/2730/34105/file/nRF24L01_Product_Specification_v2_0.pdf</field>
      </fields>
      <pins>
        <pin num="1" name="CE" type="input"/>
        <pin num="2" name="CSN" type="input"/>
        <pin num="3" name="SCK" type="input"/>
        <pin num="4" name="MOSI" type="input"/>
        <pin num="5" name="MISO" type="output"/>
        <pin num="6" name="IRQ" type="output"/>
        <pin num="7" name="VDD" type="power_in"/>
        <pin num="8" name="VSS" type="power_in"/>
        <pin num="9" name="XC2" type="passive"/>
        <pin num="10" name="XC1" type="passive"/>
        <pin num="11" name="VDD_PA" type="power_out"/>
        <pin num="12" name="ANT1" type="passive"/>
        <pin num="13" name="ANT2" type="passive"/>
        <pin num="14" name="VSS" type="power_in"/>
        <pin num="15" name="VDD" type="power_in"/>
        <pin num="16" name="IREF" type="passive"/>
        <pin num="17" name="VSS" type="power_in"/>
        <pin num="18" name="VDD" type="power_in"/>
        <pin num="19" name="DVDD" type="power_out"/>
        <pin num="20" name="VSS" type="power_in"/>
      </pins>
    </libpart>
  </libparts>
  <libraries>
    <library logical="Connector">
      <uri>C:\Program Files\KiCad\7.0\share\kicad\symbols\/Connector.kicad_sym</uri>
    </library>
    <library logical="Device">
      <uri>C:\Program Files\KiCad\7.0\share\kicad\symbols\/Device.kicad_sym</uri>
    </library>
    <library logical="RF">
      <uri>C:\Program Files\KiCad\7.0\share\kicad\symbols\/RF.kicad_sym</uri>
    </library>
  </libraries>
  <nets>
    <net code="1" name="GND">
      <node ref="C1" pin="2" pintype="passive"/>
      <node ref="C10" pin="2" pintype="passive"/>
      <node ref="C11" pin="2" pintype="passive"/>
      <node ref="C2" pin="2" pintype="passive"/>
      <node ref="C3" pin="2" pintype="passive"/>
      <node ref="C4" pin="2" pintype="passive"/>
      <node ref="C6" pin="2" pintype="passive"/>
      <node ref="C7" pin="2" pintype="passive"/>
      <node ref="C8" pin="2" pintype="passive"/>
      <node ref="C9" pin="2" pintype="passive"/>
      <node ref="J1" pin="8" pinfunction="Pin_8" pintype="passive"/>
      <node ref="R2" pin="2" pintype="passive"/>
      <node ref="U1" pin="14" pinfunction="VSS" pintype="power_in"/>
      <node ref="U1" pin="20" pinfunction="VSS" pintype="power_in"/>
      <node ref="U1" pin="8" pinfunction="VSS" pintype="power_in"/>
    </net>
    <net code="2" name="Net-(AE1-A)">
      <node ref="AE1" pin="1" pinfunction="A" pintype="input"/>
      <node ref="C11" pin="1" pintype="passive"/>
      <node ref="L4" pin="2" pintype="passive"/>
    </net>
    <net code="3" name="Net-(C5-Pad1)">
      <node ref="C5" pin="1" pintype="passive"/>
      <node ref="L3" pin="2" pintype="passive"/>
    </net>
    <net code="4" name="Net-(C10-Pad1)">
      <node ref="C10" pin="1" pintype="passive"/>
      <node ref="C5" pin="2" pintype="passive"/>
      <node ref="C6" pin="1" pintype="passive"/>
      <node ref="L4" pin="1" pintype="passive"/>
    </net>
    <net code="5" name="Net-(J1-Pin_2)">
      <node ref="J1" pin="2" pinfunction="Pin_2" pintype="passive"/>
      <node ref="U1" pin="4" pinfunction="MOSI" pintype="input"/>
    </net>
    <net code="6" name="Net-(J1-Pin_3)">
      <node ref="J1" pin="3" pinfunction="Pin_3" pintype="passive"/>
      <node ref="U1" pin="5" pinfunction="MISO" pintype="output"/>
    </net>
    <net code="7" name="Net-(J1-Pin_4)">
      <node ref="J1" pin="4" pinfunction="Pin_4" pintype="passive"/>
      <node ref="U1" pin="3" pinfunction="SCK" pintype="input"/>
    </net>
    <net code="8" name="Net-(J1-Pin_5)">
      <node ref="J1" pin="5" pinfunction="Pin_5" pintype="passive"/>
      <node ref="U1" pin="2" pinfunction="CSN" pintype="input"/>
    </net>
    <net code="9" name="Net-(J1-Pin_6)">
      <node ref="J1" pin="6" pinfunction="Pin_6" pintype="passive"/>
      <node ref="U1" pin="1" pinfunction="CE" pintype="input"/>
    </net>
    <net code="10" name="Net-(J1-Pin_7)">
      <node ref="J1" pin="7" pinfunction="Pin_7" pintype="passive"/>
      <node ref="U1" pin="6" pinfunction="IRQ" pintype="output"/>
    </net>
    <net code="11" name="Net-(U1-ANT1)">
      <node ref="L1" pin="1" pintype="passive"/>
      <node ref="L3" pin="1" pintype="passive"/>
      <node ref="U1" pin="12" pinfunction="ANT1" pintype="passive"/>
    </net>
    <net code="12" name="Net-(U1-ANT2)">
      <node ref="L1" pin="2" pintype="passive"/>
      <node ref="L2" pin="2" pintype="passive"/>
      <node ref="U1" pin="13" pinfunction="ANT2" pintype="passive"/>
    </net>
    <net code="13" name="Net-(U1-DVDD)">
      <node ref="C7" pin="1" pintype="passive"/>
      <node ref="U1" pin="19" pinfunction="DVDD" pintype="power_out"/>
    </net>
    <net code="14" name="Net-(U1-IREF)">
      <node ref="R2" pin="1" pintype="passive"/>
      <node ref="U1" pin="16" pinfunction="IREF" pintype="passive"/>
    </net>
    <net code="15" name="Net-(U1-VDD_PA)">
      <node ref="C3" pin="1" pintype="passive"/>
      <node ref="C4" pin="1" pintype="passive"/>
      <node ref="L2" pin="1" pintype="passive"/>
      <node ref="U1" pin="11" pinfunction="VDD_PA" pintype="power_out"/>
    </net>
    <net code="16" name="Net-(U1-XC1)">
      <node ref="C2" pin="1" pintype="passive"/>
      <node ref="R1" pin="2" pintype="passive"/>
      <node ref="U1" pin="10" pinfunction="XC1" pintype="passive"/>
      <node ref="X1" pin="2" pinfunction="2" pintype="passive"/>
    </net>
    <net code="17" name="Net-(U1-XC2)">
      <node ref="C1" pin="1" pintype="passive"/>
      <node ref="R1" pin="1" pintype="passive"/>
      <node ref="U1" pin="9" pinfunction="XC2" pintype="passive"/>
      <node ref="X1" pin="1" pinfunction="1" pintype="passive"/>
    </net>
    <net code="18" name="VDD">
      <node ref="C8" pin="1" pintype="passive"/>
      <node ref="C9" pin="1" pintype="passive"/>
      <node ref="J1" pin="1" pinfunction="Pin_1" pintype="passive"/>
      <node ref="U1" pin="15" pinfunction="VDD" pintype="power_in"/>
      <node ref="U1" pin="18" pinfunction="VDD" pintype="power_in"/>
      <node ref="U1" pin="7" pinfunction="VDD" pintype="power_in"/>
    </net>
    <net code="19" name="unconnected-(U1-VSS-Pad17)">
      <node ref="U1" pin="17" pinfunction="VSS" pintype="power_in"/>
    </net>
  </nets>
</export>
